model,seed,actual,predicted,count
text,0,Negative,Negative,17
text,0,Negative,Neutral,19
text,0,Negative,Positive,18
text,0,Neutral,Negative,50
text,0,Neutral,Neutral,90
text,0,Neutral,Positive,78
text,0,Positive,Negative,81
text,0,Positive,Neutral,195
text,0,Positive,Positive,152
text,1,Negative,Negative,1
text,1,Negative,Neutral,1
text,1,Negative,Positive,52
text,1,Neutral,Negative,2
text,1,Neutral,Neutral,7
text,1,Neutral,Positive,209
text,1,Positive,Negative,2
text,1,Positive,Neutral,7
text,1,Positive,Positive,419
text,2,Negative,Negative,14
text,2,Negative,Neutral,20
text,2,Negative,Positive,20
text,2,Neutral,Negative,38
text,2,Neutral,Neutral,77
text,2,Neutral,Positive,103
text,2,Positive,Negative,73
text,2,Positive,Neutral,172
text,2,Positive,Positive,183
image,0,Negative,Negative,11
image,0,Negative,Neutral,11
image,0,Negative,Positive,32
image,0,Neutral,Negative,58
image,0,Neutral,Neutral,41
image,0,Neutral,Positive,119
image,0,Positive,Negative,131
image,0,Positive,Neutral,89
image,0,Positive,Positive,208
image,1,Negative,Negative,5
image,1,Negative,Neutral,12
image,1,Negative,Positive,37
image,1,Neutral,Negative,24
image,1,Neutral,Neutral,53
image,1,Neutral,Positive,141
image,1,Positive,Negative,42
image,1,Positive,Neutral,124
image,1,Positive,Positive,262
image,2,Negative,Negative,3
image,2,Negative,Neutral,21
image,2,Negative,Positive,30
image,2,Neutral,Negative,16
image,2,Neutral,Neutral,63
image,2,Neutral,Positive,139
image,2,Positive,Negative,30
image,2,Positive,Neutral,123
image,2,Positive,Positive,275
both_concat,0,Negative,Negative,11
both_concat,0,Negative,Neutral,24
both_concat,0,Negative,Positive,19
both_concat,0,Neutral,Negative,36
both_concat,0,Neutral,Neutral,98
both_concat,0,Neutral,Positive,84
both_concat,0,Positive,Negative,56
both_concat,0,Positive,Neutral,202
both_concat,0,Positive,Positive,170
both_concat,1,Negative,Negative,9
both_concat,1,Negative,Neutral,20
both_concat,1,Negative,Positive,25
both_concat,1,Neutral,Negative,22
both_concat,1,Neutral,Neutral,90
both_concat,1,Neutral,Positive,106
both_concat,1,Positive,Negative,40
both_concat,1,Positive,Neutral,177
both_concat,1,Positive,Positive,211
both_concat,2,Negative,Negative,7
both_concat,2,Negative,Neutral,22
both_concat,2,Negative,Positive,25
both_concat,2,Neutral,Negative,21
both_concat,2,Neutral,Neutral,77
both_concat,2,Neutral,Positive,120
both_concat,2,Positive,Negative,34
both_concat,2,Positive,Neutral,171
both_concat,2,Positive,Positive,223
both_cross_attn,0,Negative,Negative,4
both_cross_attn,0,Negative,Neutral,17
both_cross_attn,0,Negative,Positive,33
both_cross_attn,0,Neutral,Negative,12
both_cross_attn,0,Neutral,Neutral,84
both_cross_attn,0,Neutral,Positive,122
both_cross_attn,0,Positive,Negative,16
both_cross_attn,0,Positive,Neutral,166
both_cross_attn,0,Positive,Positive,246
both_cross_attn,1,Negative,Negative,11
both_cross_attn,1,Negative,Neutral,27
both_cross_attn,1,Negative,Positive,16
both_cross_attn,1,Neutral,Negative,28
both_cross_attn,1,Neutral,Neutral,96
both_cross_attn,1,Neutral,Positive,94
both_cross_attn,1,Positive,Negative,42
both_cross_attn,1,Positive,Neutral,215
both_cross_attn,1,Positive,Positive,171
both_cross_attn,2,Negative,Negative,0
both_cross_attn,2,Negative,Neutral,14
both_cross_attn,2,Negative,Positive,40
both_cross_attn,2,Neutral,Negative,4
both_cross_attn,2,Neutral,Neutral,45
both_cross_attn,2,Neutral,Positive,169
both_cross_attn,2,Positive,Negative,9
both_cross_attn,2,Positive,Neutral,94
both_cross_attn,2,Positive,Positive,325
both_product,0,Negative,Negative,5
both_product,0,Negative,Neutral,25
both_product,0,Negative,Positive,24
both_product,0,Neutral,Negative,14
both_product,0,Neutral,Neutral,81
both_product,0,Neutral,Positive,123
both_product,0,Positive,Negative,20
both_product,0,Positive,Neutral,196
both_product,0,Positive,Positive,212
both_product,1,Negative,Negative,11
both_product,1,Negative,Neutral,17
both_product,1,Negative,Positive,26
both_product,1,Neutral,Negative,44
both_product,1,Neutral,Neutral,69
both_product,1,Neutral,Positive,105
both_product,1,Positive,Negative,81
both_product,1,Positive,Neutral,142
both_product,1,Positive,Positive,205
both_product,2,Negative,Negative,8
both_product,2,Negative,Neutral,31
both_product,2,Negative,Positive,15
both_product,2,Neutral,Negative,21
both_product,2,Neutral,Neutral,124
both_product,2,Neutral,Positive,73
both_product,2,Positive,Negative,32
both_product,2,Positive,Neutral,253
both_product,2,Positive,Positive,143
