model_a,model_b,family,delta_macro_f1,p_raw,exact,draws,ci95_low,ci95_high,p_holm,significant_005
both_concat,text,primary,0.027487843007319435,0.063996800159992,False,20000,-0.0010713690351179387,0.05619286562724083,0.383980800959952,False
both_concat,image,primary,0.02873589562772244,0.1422428878556072,False,20000,-0.008267906625926667,0.06557327576726776,0.7112144392780361,False
both_cross_attn,text,primary,0.017487367889944483,0.2071896405179741,False,20000,-0.007819898721286488,0.04246395500511076,0.8287585620718964,False
both_cross_attn,image,primary,0.01873542051034749,0.2709364531773411,False,20000,-0.014811002227022384,0.05142985354688332,0.8287585620718964,False
both_product,text,primary,0.011614328958786613,0.45132743362831856,False,20000,-0.016805470836257882,0.04021259623869953,0.9026548672566371,False
both_product,image,primary,0.012862381579189619,0.4884755762211889,False,20000,-0.02375334109564809,0.04946564940004377,0.9026548672566371,False
text,image,exploratory,0.0012480526204030062,0.9424028798560072,False,20000,-0.031827940106966324,0.03322962195070505,1.0,False
both_concat,both_cross_attn,exploratory,0.010000475117374952,0.544022798860057,False,20000,-0.018639620196339947,0.03961794799386092,1.0,False
both_concat,both_product,exploratory,0.015873514048532822,0.16629168541572922,False,20000,-0.006573066783485233,0.03910578553411682,0.6651667416629169,False
both_cross_attn,both_product,exploratory,0.00587303893115787,0.7159642017899105,False,20000,-0.0228484587925408,0.03382055190639397,1.0,False
