model,seed,n,macro_f1,accuracy,holdout_macro_f1,best_epoch
text,0,700,0.32094951996729976,0.37,0.3539397302986544,2
text,1,700,0.2834339438417676,0.61,0.2832462048754551,1
text,2,700,0.3237613163663936,0.3914285714285714,0.34421709028407493,5
image,0,700,0.28120533672730197,0.37142857142857144,0.3218838050793239,3
image,1,700,0.314709632128987,0.45714285714285713,0.3328934250098116,1
image,2,700,0.3284856534579629,0.48714285714285716,0.32485800024868383,2
both_concat,0,700,0.32892413425801575,0.3985714285714286,0.3117759707114444,3
both_concat,1,700,0.3494958638721015,0.44285714285714284,0.36236256998917077,5
both_concat,2,700,0.33218831106730184,0.43857142857142856,0.34219815518417446,4
both_cross_attn,0,700,0.3443003787520569,0.47714285714285715,0.34776495987295836,4
both_cross_attn,1,700,0.33021874617528985,0.39714285714285713,0.3271964172760072,5
both_cross_attn,2,700,0.3060877589179476,0.5285714285714286,0.31864776582455995,2
both_product,0,700,0.3192733693963353,0.4257142857142857,0.33606570735062985,4
both_product,1,700,0.3206185762342136,0.40714285714285714,0.35260368426469074,4
both_product,2,700,0.32309582142127174,0.39285714285714285,0.34528223882068204,3
