group,model,n,macro_f1_mean,macro_f1_sd,accuracy_mean,accuracy_sd,macro_f1_seeds,accuracy_seeds,class_f1_mean,class_counts
Non-sarcastic,text,157,0.2847237923737846,0.029683916740564528,0.4182590233545647,0.12648298096481086,"[0.26588459491900857, 0.2693452380952381, 0.31894154410710707]","[0.3184713375796178, 0.5605095541401274, 0.37579617834394907]","[0.07724867724867725, 0.2608632052229613, 0.5160594946497151]","[11, 60, 86]"
Non-sarcastic,image,157,0.2774157574587506,0.02022936272488463,0.3906581740976646,0.051875973345522804,"[0.2546027131782946, 0.29316979316979314, 0.28447476602816407]","[0.33121019108280253, 0.4140127388535032, 0.4267515923566879]","[0.03422619047619047, 0.26214884602782546, 0.5358722358722359]","[11, 60, 86]"
Non-sarcastic,both_concat,157,0.3303674291913099,0.0013320299242807242,0.4076433121019109,0.006369426751592354,"[0.32883504624649534, 0.3312483185364541, 0.33101892279098033]","[0.4012738853503185, 0.4140127388535032, 0.40764331210191085]","[0.14860081479997328, 0.35265450467934617, 0.48984696809461026]","[11, 60, 86]"
Non-sarcastic,both_cross_attn,157,0.31322044979242913,0.009002172666665916,0.45859872611464975,0.0614245271400825,"[0.302880658436214, 0.3193153583098641, 0.3174653326312094]","[0.43312101910828027, 0.4140127388535032, 0.5286624203821656]","[0.025641025641025644, 0.3668834228630666, 0.5471369008731952]","[11, 60, 86]"
Non-sarcastic,both_product,157,0.32201249402607157,0.010908571197182452,0.4097664543524416,0.038917840296864875,"[0.31518440172905365, 0.3162597636281847, 0.3345933167209763]","[0.45222929936305734, 0.37579617834394907, 0.4012738853503185]","[0.0987878787878788, 0.4035968471484743, 0.4636527561418615]","[11, 60, 86]"
Sarcastic,text,543,0.31554118924507096,0.026422229131919245,0.46838551258440764,0.13514701731746465,"[0.33662817461070454, 0.28590218718329785, 0.32409320594121044]","[0.3848987108655617, 0.6243093922651933, 0.39594843462246776]","[0.13140664521432396, 0.23292030639213224, 0.5822966161287567]","[43, 158, 342]"
Sarcastic,image,543,0.3172927254088998,0.026288267340535795,0.4524248004910989,0.06256994724757346,"[0.2894949849414663, 0.32063047740417283, 0.34175271388106027]","[0.3830570902394107, 0.4696132596685083, 0.5046040515653776]","[0.08855315420697947, 0.2616610442697399, 0.60166397774998]","[43, 158, 342]"
Sarcastic,both_concat,543,0.3386823816880345,0.014098833345734883,0.4321669736034377,0.029828190578898343,"[0.32834179501643906, 0.3547421792446966, 0.33296317080296783]","[0.39779005524861877, 0.45119705340699817, 0.44751381215469616]","[0.13157130716159648, 0.34187852765343857, 0.5425973102490684]","[43, 158, 342]"
Sarcastic,both_cross_attn,543,0.3283630880385841,0.024622937565414643,0.4702271332105587,0.07023153321524156,"[0.3512110611360986, 0.3315940204030023, 0.3022841825766514]","[0.48987108655616945, 0.39226519337016574, 0.5285451197053407]","[0.09980942250587245, 0.2923899239411067, 0.5928899176687733]","[43, 158, 342]"
Sarcastic,both_product,543,0.31860797367581856,0.002188647094746071,0.40822590546347454,0.015444746010324271,"[0.3161186448272779, 0.3202302722063452, 0.31947500399383244]","[0.4180478821362799, 0.4162062615101289, 0.39042357274401474]","[0.12483377393254826, 0.31753717821669053, 0.5134529688782168]","[43, 158, 342]"
Not funny,text,157,0.326287303944649,0.047421590974785086,0.4182590233545647,0.03268535948692282,"[0.3256036912055611, 0.2792112150024329, 0.374047005625953]","[0.3821656050955414, 0.445859872611465, 0.4267515923566879]","[0.1548456703255465, 0.3307413124422535, 0.49327492906614695]","[14, 78, 65]"
Not funny,image,157,0.287914155544932,0.015319226753743085,0.3630573248407643,0.041767124358611483,"[0.27612681515014864, 0.2823853626478012, 0.3052302888368462]","[0.3184713375796178, 0.36942675159235666, 0.4012738853503185]","[0.09293394777265744, 0.30932614545923537, 0.4614823734029032]","[14, 78, 65]"
Not funny,both_concat,157,0.38530123117520915,0.03488994734933622,0.4522292993630573,0.04176712435861146,"[0.351278606626761, 0.4209982114911692, 0.3836268754076973]","[0.4140127388535032, 0.4968152866242038, 0.445859872611465]","[0.19691119691119693, 0.49697245972643594, 0.4620200368879946]","[14, 78, 65]"
Not funny,both_cross_attn,157,0.2834391154092661,0.003122360562513252,0.38641188959660305,0.03268535948692285,"[0.28052912508702715, 0.2867375049193231, 0.28305071622144795]","[0.39490445859872614, 0.3503184713375796, 0.4140127388535032]","[0.047619047619047616, 0.3989883038137118, 0.4037099947950387]","[14, 78, 65]"
Not funny,both_product,157,0.3604905789123349,0.03259587887252615,0.42887473460721875,0.036218093650174046,"[0.34096389261952176, 0.34238776496292095, 0.3981200791545619]","[0.4394904458598726, 0.3885350318471338, 0.4585987261146497]","[0.19032800672834316, 0.48347732234225377, 0.40766640766640766]","[14, 78, 65]"
Humorous,text,543,0.2979444558397334,0.02173809705459557,0.46838551258440764,0.16390768441892267,"[0.31469928161191496, 0.27338057565645585, 0.3057535102508294]","[0.3664825046040516, 0.6574585635359116, 0.3812154696132597]","[0.10635305383487448, 0.20176990209806792, 0.5857104115862578]","[40, 140, 363]"
Humorous,image,543,0.3097443620187488,0.026808718414181115,0.4604051565377532,0.06547472867267469,"[0.27948396816321347, 0.31922311614031523, 0.3305260017527177]","[0.3867403314917127, 0.48250460405156537, 0.5119705340699816]","[0.06971559567304249, 0.24226918490168345, 0.6172483054815204]","[40, 140, 363]"
Humorous,both_concat,543,0.31505514184439404,0.0077988261057634475,0.4192756292203806,0.022277774477132056,"[0.3176904733357313, 0.3211948858082701, 0.30628006638918065]","[0.39410681399631675, 0.427255985267035, 0.43646408839779005]","[0.1159845881495366, 0.2829243995216379, 0.5462564378620075]","[40, 140, 363]"
Humorous,both_cross_attn,543,0.3305622461953299,0.02872012702287264,0.4910988336402701,0.0759840559418123,"[0.3579972206239337, 0.3329797312396447, 0.3007097867224113]","[0.5009208103130756, 0.4106813996316759, 0.5616942909760589]","[0.0964788067591806, 0.2720295545923499, 0.6231783772344591]","[40, 140, 363]"
Humorous,both_product,543,0.3018830926110217,0.008386921039637623,0.4027010435850215,0.025407246269582413,"[0.30262292100784816, 0.3098755904439875, 0.2931507663812294]","[0.42173112338858193, 0.4125230202578269, 0.3738489871086556]","[0.0988573428178227, 0.2823031319224428, 0.5244888030927995]","[40, 140, 363]"
